
INSERT INTO `buy` (`invoice`,`timestamp`,`email`,`item_id`,`item_name`,`amount`,`currency_code`) VALUES ('02f2148fffe086c94c7b30251132d150','2011-12-24 08:55:45','erdmann@pro-baustoffe.de','1','Artikel 01','20.00','EUR');
INSERT INTO `buy` (`invoice`,`timestamp`,`email`,`item_id`,`item_name`,`amount`,`currency_code`) VALUES ('14430bde47686cb6f5f54608ac4c632b','2011-12-24 14:32:25','24erdmann@pro-baustoffe.de','1','Artikel 01','20.00','EUR');
INSERT INTO `buy` (`invoice`,`timestamp`,`email`,`item_id`,`item_name`,`amount`,`currency_code`) VALUES ('1c1090cbb6a9838e09e905add0447076','2011-12-23 13:51:38','25berg@berg.de','1','Artikel 01','9.99','EUR');
INSERT INTO `buy` (`invoice`,`timestamp`,`email`,`item_id`,`item_name`,`amount`,`currency_code`) VALUES ('22c674f555cdec764c2901b042afe261','2011-12-23 13:46:55','25berg@berg.de','1','Artikel 01','9.99','EUR');
INSERT INTO `buy` (`invoice`,`timestamp`,`email`,`item_id`,`item_name`,`amount`,`currency_code`) VALUES ('23','2011-12-27 07:16:09','a@abc.de','1','Artikel 01','20.00','EUR');
INSERT INTO `buy` (`invoice`,`timestamp`,`email`,`item_id`,`item_name`,`amount`,`currency_code`) VALUES ('24','2011-12-27 07:27:13','berg@berg.de','2','Artikel 02','25.20','EUR');
INSERT INTO `buy` (`invoice`,`timestamp`,`email`,`item_id`,`item_name`,`amount`,`currency_code`) VALUES ('25','2011-12-27 11:58:58','ggg@ggg.de','1','Artikel 01','20.00','EUR');
INSERT INTO `buy` (`invoice`,`timestamp`,`email`,`item_id`,`item_name`,`amount`,`currency_code`) VALUES ('26','2011-12-27 08:16:34','aus@tirol.com','1','Artikel 01','20.00','EUR');
INSERT INTO `buy` (`invoice`,`timestamp`,`email`,`item_id`,`item_name`,`amount`,`currency_code`) VALUES ('27','2011-12-27 08:26:23','gggg@gg.de','3','Artikel 03','37.95','EUR');
INSERT INTO `buy` (`invoice`,`timestamp`,`email`,`item_id`,`item_name`,`amount`,`currency_code`) VALUES ('28','2011-12-27 08:27:03','111@ggf.de','1','Artikel 01','20.00','EUR');
INSERT INTO `buy` (`invoice`,`timestamp`,`email`,`item_id`,`item_name`,`amount`,`currency_code`) VALUES ('29','2011-12-27 09:11:29','fffferdmann@pro-baustoffe.de','1','Artikel 01','20.00','EUR');
INSERT INTO `buy` (`invoice`,`timestamp`,`email`,`item_id`,`item_name`,`amount`,`currency_code`) VALUES ('30','2011-12-29 06:55:52','f@ddd.de','3','Artikel 03','37.95','EUR');
INSERT INTO `buy` (`invoice`,`timestamp`,`email`,`item_id`,`item_name`,`amount`,`currency_code`) VALUES ('31','2011-12-29 09:09:16','nnn@nnn.de','3','Artikel 03','37.95','EUR');
INSERT INTO `buy` (`invoice`,`timestamp`,`email`,`item_id`,`item_name`,`amount`,`currency_code`) VALUES ('32','2011-12-29 09:18:16','23erdmann@pro-baustoffe.de','3','Artikel 03','37.95','EUR');
INSERT INTO `buy` (`invoice`,`timestamp`,`email`,`item_id`,`item_name`,`amount`,`currency_code`) VALUES ('786cbe52780be2328490c4d244c76a08','2011-12-24 14:41:24','24erdmann@pro-baustoffe.de','1','Artikel 01','20.00','EUR');
INSERT INTO `buy` (`invoice`,`timestamp`,`email`,`item_id`,`item_name`,`amount`,`currency_code`) VALUES ('8221ecfa2f8bc5cbef8fe6c85ee7a242','2011-12-24 14:39:42','24erdmann@pro-baustoffe.de','1','Artikel 01','20.00','EUR');
INSERT INTO `buy` (`invoice`,`timestamp`,`email`,`item_id`,`item_name`,`amount`,`currency_code`) VALUES ('954473b63d88ba2f62dfe864dc8c116b','2011-12-24 08:04:30','24erdmann@pro-baustoffe.de','1','Artikel 01','20.00','EUR');
INSERT INTO `buy` (`invoice`,`timestamp`,`email`,`item_id`,`item_name`,`amount`,`currency_code`) VALUES ('9717e58e30501bd9b6dd19a2683bd50c','2011-12-24 08:22:03','11erdmann@pro-baustoffe.de','2','Artikel 02','25.20','EUR');
INSERT INTO `buy` (`invoice`,`timestamp`,`email`,`item_id`,`item_name`,`amount`,`currency_code`) VALUES ('a00a1eb725f8698c3b2a206932bf1021','2011-12-24 08:56:03','24erdmann@pro-baustoffe.de','1','Artikel 01','20.00','EUR');
INSERT INTO `buy` (`invoice`,`timestamp`,`email`,`item_id`,`item_name`,`amount`,`currency_code`) VALUES ('a1ecef7771892dad20423b028b6d5f39','2011-12-24 08:55:28','24erdmann@pro-baustoffe.de','1','Artikel 01','20.00','EUR');
INSERT INTO `buy` (`invoice`,`timestamp`,`email`,`item_id`,`item_name`,`amount`,`currency_code`) VALUES ('adf62739833c65f004acd34622408dc8','2011-12-25 05:33:21','11erdmann@pro-baustoffe.de','1','Artikel 01','20.00','EUR');
INSERT INTO `buy` (`invoice`,`timestamp`,`email`,`item_id`,`item_name`,`amount`,`currency_code`) VALUES ('c311d5fa526a0a6629e7a68ae20e522b','2011-12-23 13:53:06','25berg@berg.de','1','Artikel 01','20.00','EUR');
INSERT INTO `buy` (`invoice`,`timestamp`,`email`,`item_id`,`item_name`,`amount`,`currency_code`) VALUES ('cb7c9f4cbb2e2d09733bc21f1588b43d','2011-12-24 09:31:48','11erdmann@pro-baustoffe.de','1','Artikel 01','20.00','EUR');
INSERT INTO `buy` (`invoice`,`timestamp`,`email`,`item_id`,`item_name`,`amount`,`currency_code`) VALUES ('f78fec66277acdde48633b4d47f8a612','2011-12-25 06:44:42','11erdmann@pro-baustoffe.de','1','Artikel 01','20.00','EUR');
INSERT INTO `buy` (`invoice`,`timestamp`,`email`,`item_id`,`item_name`,`amount`,`currency_code`) VALUES ('fb2d12f70136af6c0df67040cc9d99d5','2011-12-23 14:03:55','25berg@berg.de','2','Artikel 02','25.20','EUR');



INSERT INTO `item` (`id`,`name`,`desc`,`amount`,`currency_code`) VALUES ('1','Artikel 01','Langbeschreibung Artikel 01','20.00','EUR');
INSERT INTO `item` (`id`,`name`,`desc`,`amount`,`currency_code`) VALUES ('2','Artikel 02','Langbeschreibung Artikel 02','25.20','EUR');
INSERT INTO `item` (`id`,`name`,`desc`,`amount`,`currency_code`) VALUES ('3','Artikel 03','Langbeschreibung Artikel 03','37.95','EUR');


INSERT INTO `pay` (`id`,`invoice`,`method`,`status`) VALUES ('1','fb2d12f70136af6c0df67040cc9d99d5','transfer',NULL);
INSERT INTO `pay` (`id`,`invoice`,`method`,`status`) VALUES ('2','954473b63d88ba2f62dfe864dc8c116b','transfer',NULL);
INSERT INTO `pay` (`id`,`invoice`,`method`,`status`) VALUES ('3','9717e58e30501bd9b6dd19a2683bd50c','transfer',NULL);
INSERT INTO `pay` (`id`,`invoice`,`method`,`status`) VALUES ('4','a1ecef7771892dad20423b028b6d5f39','paypal',NULL);
INSERT INTO `pay` (`id`,`invoice`,`method`,`status`) VALUES ('5','02f2148fffe086c94c7b30251132d150','paypal',NULL);
INSERT INTO `pay` (`id`,`invoice`,`method`,`status`) VALUES ('6','a00a1eb725f8698c3b2a206932bf1021','transfer',NULL);
INSERT INTO `pay` (`id`,`invoice`,`method`,`status`) VALUES ('7','cb7c9f4cbb2e2d09733bc21f1588b43d','paypal',NULL);
INSERT INTO `pay` (`id`,`invoice`,`method`,`status`) VALUES ('8','14430bde47686cb6f5f54608ac4c632b','paypal',NULL);
INSERT INTO `pay` (`id`,`invoice`,`method`,`status`) VALUES ('9','8221ecfa2f8bc5cbef8fe6c85ee7a242','paypal',NULL);
INSERT INTO `pay` (`id`,`invoice`,`method`,`status`) VALUES ('10','786cbe52780be2328490c4d244c76a08','paypal',NULL);
INSERT INTO `pay` (`id`,`invoice`,`method`,`status`) VALUES ('11','adf62739833c65f004acd34622408dc8','paypal',NULL);
INSERT INTO `pay` (`id`,`invoice`,`method`,`status`) VALUES ('12','f78fec66277acdde48633b4d47f8a612','transfer',NULL);
INSERT INTO `pay` (`id`,`invoice`,`method`,`status`) VALUES ('13','23','paypal',NULL);
INSERT INTO `pay` (`id`,`invoice`,`method`,`status`) VALUES ('14','24','paypal','1');
INSERT INTO `pay` (`id`,`invoice`,`method`,`status`) VALUES ('15','26','paypal','1');
INSERT INTO `pay` (`id`,`invoice`,`method`,`status`) VALUES ('16','27','paypal',NULL);
INSERT INTO `pay` (`id`,`invoice`,`method`,`status`) VALUES ('17','28','paypal','1');
INSERT INTO `pay` (`id`,`invoice`,`method`,`status`) VALUES ('18','29','voucher','1');
INSERT INTO `pay` (`id`,`invoice`,`method`,`status`) VALUES ('19','25','paypal',NULL);
INSERT INTO `pay` (`id`,`invoice`,`method`,`status`) VALUES ('20','30','voucher',NULL);
INSERT INTO `pay` (`id`,`invoice`,`method`,`status`) VALUES ('21','31','voucher',NULL);
INSERT INTO `pay` (`id`,`invoice`,`method`,`status`) VALUES ('22','32','voucher',NULL);
INSERT INTO `pay` (`id`,`invoice`,`method`,`status`) VALUES ('23','32','voucher','1');
INSERT INTO `pay` (`id`,`invoice`,`method`,`status`) VALUES ('24','32','voucher','1');
INSERT INTO `pay` (`id`,`invoice`,`method`,`status`) VALUES ('25','32','voucher','1');
INSERT INTO `pay` (`id`,`invoice`,`method`,`status`) VALUES ('26','32','voucher','1');


INSERT INTO `pay_paypal` (`txn_id`,`invoice`,`timestamp`,`payment_date`,`payment_status`,`payment_type`,`pending_reason`,`reason_code`,`txn_type`) VALUES ('01D19985HJ717661B','9018dd1c97fab5433cf2766e907981b7','2011-12-24 07:42:54','22:42:48 Dec 23, 2011 PST','Completed','instant','','','web_accept');
INSERT INTO `pay_paypal` (`txn_id`,`invoice`,`timestamp`,`payment_date`,`payment_status`,`payment_type`,`pending_reason`,`reason_code`,`txn_type`) VALUES ('02E13482504980715','42ce987c4ae518351fcf45253699d736','2011-12-23 13:51:38','07:54:54 Dec 23, 2011 PST','Completed','instant','','','web_accept');
INSERT INTO `pay_paypal` (`txn_id`,`invoice`,`timestamp`,`payment_date`,`payment_status`,`payment_type`,`pending_reason`,`reason_code`,`txn_type`) VALUES ('05H68286YR8595217','28','2011-12-27 14:52:18','05:52:12 Dec 27, 2011 PST','Completed','instant','','','web_accept');
INSERT INTO `pay_paypal` (`txn_id`,`invoice`,`timestamp`,`payment_date`,`payment_status`,`payment_type`,`pending_reason`,`reason_code`,`txn_type`) VALUES ('0B334015NY306184G','29','2011-12-27 17:26:01','08:25:55 Dec 27, 2011 PST','Completed','instant','','','web_accept');
INSERT INTO `pay_paypal` (`txn_id`,`invoice`,`timestamp`,`payment_date`,`payment_status`,`payment_type`,`pending_reason`,`reason_code`,`txn_type`) VALUES ('1KB153004V726411R','26','2011-12-27 14:24:52','05:24:46 Dec 27, 2011 PST','Completed','instant','','','web_accept');
INSERT INTO `pay_paypal` (`txn_id`,`invoice`,`timestamp`,`payment_date`,`payment_status`,`payment_type`,`pending_reason`,`reason_code`,`txn_type`) VALUES ('2N907885NX8798325','c35c1fe24211fce08e57f64ad04c65f1','2011-12-23 13:51:38','22:23:36 Dec 23, 2011 PST','Completed','instant','','','web_accept');
INSERT INTO `pay_paypal` (`txn_id`,`invoice`,`timestamp`,`payment_date`,`payment_status`,`payment_type`,`pending_reason`,`reason_code`,`txn_type`) VALUES ('37C776148T2161812','27','2011-12-27 14:43:02','05:42:57 Dec 27, 2011 PST','Completed','instant','','','web_accept');
INSERT INTO `pay_paypal` (`txn_id`,`invoice`,`timestamp`,`payment_date`,`payment_status`,`payment_type`,`pending_reason`,`reason_code`,`txn_type`) VALUES ('3RK663073G083670G','6c8c7921395de44cc2fab873a59a31de','2011-12-24 07:47:06','22:46:59 Dec 23, 2011 PST','Completed','instant','','','web_accept');
INSERT INTO `pay_paypal` (`txn_id`,`invoice`,`timestamp`,`payment_date`,`payment_status`,`payment_type`,`pending_reason`,`reason_code`,`txn_type`) VALUES ('4VC70249SE613113A','f047d467edefee64c363947992d1529b','2011-12-23 13:51:38','08:09:53 Dec 23, 2011 PST','Completed','instant','','','web_accept');
INSERT INTO `pay_paypal` (`txn_id`,`invoice`,`timestamp`,`payment_date`,`payment_status`,`payment_type`,`pending_reason`,`reason_code`,`txn_type`) VALUES ('5U170761JH542573U','24','2011-12-27 11:50:24','02:50:16 Dec 27, 2011 PST','Completed','instant','','','web_accept');

INSERT INTO `pay_voucher` (`id`,`invoice`,`timestamp`,`voucher_id`) VALUES ('1','30','2011-12-29 07:42:49','3');
INSERT INTO `pay_voucher` (`id`,`invoice`,`timestamp`,`voucher_id`) VALUES ('2','31','2011-12-29 09:10:49','3');
INSERT INTO `pay_voucher` (`id`,`invoice`,`timestamp`,`voucher_id`) VALUES ('3','32','2011-12-29 09:21:44','3');
INSERT INTO `pay_voucher` (`id`,`invoice`,`timestamp`,`voucher_id`) VALUES ('4','32','2011-12-29 09:24:03','3');
INSERT INTO `pay_voucher` (`id`,`invoice`,`timestamp`,`voucher_id`) VALUES ('5','32','2011-12-29 09:25:56','3');
INSERT INTO `pay_voucher` (`id`,`invoice`,`timestamp`,`voucher_id`) VALUES ('6','32','2011-12-29 12:53:59','3');

INSERT INTO `ptest` (`id`,`timestamp`,`email`,`abenteuer_01`,`abenteuer_02`,`abenteuer_03`,`aesthetik_01`,`aesthetik_02`,`aesthetik_03`,`aktiv_01`,`aktiv_02`,`aktiv_03`,`altruismus_01`,`altruismus_02`,`altruismus_03`,`angst_01`,`angst_02`,`angst_03`,`befang_01`,`befang_02`,`befang_03`,`bescheiden_01`,`bescheiden_02`,`bescheiden_03`,`disziplin_01`,`disziplin_02`,`disziplin_03`,`durchsetz_01`,`durchsetz_02`,`durchsetz_03`,`emotion_01`,`emotion_02`,`emotion_03`,`entgegen_01`,`entgegen_02`,`entgegen_03`,`fantasie_01`,`fantasie_02`,`fantasie_03`,`freimut_01`,`freimut_02`,`freimut_03`,`gesell_01`,`gesell_02`,`gesell_03`,`glueck_01`,`glueck_02`,`glueck_03`,`herzlich_01`,`herzlich_02`,`herzlich_03`,`impuls_01`,`impuls_02`,`impuls_03`,`intellekt_01`,`intellekt_02`,`intellekt_03`,`kompetenz_01`,`kompetenz_02`,`kompetenz_03`,`leistung_01`,`leistung_02`,`leistung_03`,`liberal_01`,`liberal_02`,`liberal_03`,`mitgefuehl_01`,`mitgefuehl_02`,`mitgefuehl_03`,`neugier_01`,`neugier_02`,`neugier_03`,`ordnung_01`,`ordnung_02`,`ordnung_03`,`pessi_01`,`pessi_02`,`pessi_03`,`pflicht_01`,`pflicht_02`,`pflicht_03`,`reizbar_01`,`reizbar_02`,`reizbar_03`,`sorgfalt_01`,`sorgfalt_02`,`sorgfalt_03`,`verletz_01`,`verletz_02`,`verletz_03`,`vertrauen_01`,`vertrauen_02`,`vertrauen_03`) VALUES ('22','2011-12-23 11:38:24','25berg@berg.de','0','0','0','0','0','0','0','0','0','0','0','0','0','0','0','5','0','0','0','0','0','0','0','0','0','0','0','0','0','0','0','0','0','0','0','0','0','0','0','0','0','0','0','0','0','0','0','0','0','0','0','0','0','0','0','0','0','0','0','0','0','0','0','0','5','0','0','0','0','0','0','0','0','0','0','0','0','0','0','0','0','0','0','0','0','0','0','0','0','0');
INSERT INTO `ptest` (`id`,`timestamp`,`email`,`abenteuer_01`,`abenteuer_02`,`abenteuer_03`,`aesthetik_01`,`aesthetik_02`,`aesthetik_03`,`aktiv_01`,`aktiv_02`,`aktiv_03`,`altruismus_01`,`altruismus_02`,`altruismus_03`,`angst_01`,`angst_02`,`angst_03`,`befang_01`,`befang_02`,`befang_03`,`bescheiden_01`,`bescheiden_02`,`bescheiden_03`,`disziplin_01`,`disziplin_02`,`disziplin_03`,`durchsetz_01`,`durchsetz_02`,`durchsetz_03`,`emotion_01`,`emotion_02`,`emotion_03`,`entgegen_01`,`entgegen_02`,`entgegen_03`,`fantasie_01`,`fantasie_02`,`fantasie_03`,`freimut_01`,`freimut_02`,`freimut_03`,`gesell_01`,`gesell_02`,`gesell_03`,`glueck_01`,`glueck_02`,`glueck_03`,`herzlich_01`,`herzlich_02`,`herzlich_03`,`impuls_01`,`impuls_02`,`impuls_03`,`intellekt_01`,`intellekt_02`,`intellekt_03`,`kompetenz_01`,`kompetenz_02`,`kompetenz_03`,`leistung_01`,`leistung_02`,`leistung_03`,`liberal_01`,`liberal_02`,`liberal_03`,`mitgefuehl_01`,`mitgefuehl_02`,`mitgefuehl_03`,`neugier_01`,`neugier_02`,`neugier_03`,`ordnung_01`,`ordnung_02`,`ordnung_03`,`pessi_01`,`pessi_02`,`pessi_03`,`pflicht_01`,`pflicht_02`,`pflicht_03`,`reizbar_01`,`reizbar_02`,`reizbar_03`,`sorgfalt_01`,`sorgfalt_02`,`sorgfalt_03`,`verletz_01`,`verletz_02`,`verletz_03`,`vertrauen_01`,`vertrauen_02`,`vertrauen_03`) VALUES ('23','2011-12-25 06:56:59','a@abc.de','0','0','0','0','0','0','0','0','0','0','0','0','0','0','0','5','0','0','0','0','0','0','0','0','0','0','0','0','0','0','0','0','0','0','0','0','0','0','0','0','0','0','0','0','0','0','0','0','0','0','0','0','0','0','0','0','0','0','0','0','0','0','0','0','5','0','0','0','0','0','0','0','0','0','0','0','0','0','0','0','0','0','0','0','0','0','0','0','0','0');
INSERT INTO `ptest` (`id`,`timestamp`,`email`,`abenteuer_01`,`abenteuer_02`,`abenteuer_03`,`aesthetik_01`,`aesthetik_02`,`aesthetik_03`,`aktiv_01`,`aktiv_02`,`aktiv_03`,`altruismus_01`,`altruismus_02`,`altruismus_03`,`angst_01`,`angst_02`,`angst_03`,`befang_01`,`befang_02`,`befang_03`,`bescheiden_01`,`bescheiden_02`,`bescheiden_03`,`disziplin_01`,`disziplin_02`,`disziplin_03`,`durchsetz_01`,`durchsetz_02`,`durchsetz_03`,`emotion_01`,`emotion_02`,`emotion_03`,`entgegen_01`,`entgegen_02`,`entgegen_03`,`fantasie_01`,`fantasie_02`,`fantasie_03`,`freimut_01`,`freimut_02`,`freimut_03`,`gesell_01`,`gesell_02`,`gesell_03`,`glueck_01`,`glueck_02`,`glueck_03`,`herzlich_01`,`herzlich_02`,`herzlich_03`,`impuls_01`,`impuls_02`,`impuls_03`,`intellekt_01`,`intellekt_02`,`intellekt_03`,`kompetenz_01`,`kompetenz_02`,`kompetenz_03`,`leistung_01`,`leistung_02`,`leistung_03`,`liberal_01`,`liberal_02`,`liberal_03`,`mitgefuehl_01`,`mitgefuehl_02`,`mitgefuehl_03`,`neugier_01`,`neugier_02`,`neugier_03`,`ordnung_01`,`ordnung_02`,`ordnung_03`,`pessi_01`,`pessi_02`,`pessi_03`,`pflicht_01`,`pflicht_02`,`pflicht_03`,`reizbar_01`,`reizbar_02`,`reizbar_03`,`sorgfalt_01`,`sorgfalt_02`,`sorgfalt_03`,`verletz_01`,`verletz_02`,`verletz_03`,`vertrauen_01`,`vertrauen_02`,`vertrauen_03`) VALUES ('24','2011-12-27 11:31:17','berg@berg.de','0','0','0','0','0','0','0','0','0','0','0','0','0','0','0','3','0','0','0','0','0','0','0','0','0','0','0','0','0','0','0','0','0','0','0','0','0','0','0','0','0','0','0','0','0','0','0','0','0','0','0','0','0','0','0','0','0','0','0','0','0','0','0','0','3','0','0','0','0','0','0','0','0','0','0','0','0','0','0','0','0','0','0','0','0','0','0','0','0','0');
INSERT INTO `ptest` (`id`,`timestamp`,`email`,`abenteuer_01`,`abenteuer_02`,`abenteuer_03`,`aesthetik_01`,`aesthetik_02`,`aesthetik_03`,`aktiv_01`,`aktiv_02`,`aktiv_03`,`altruismus_01`,`altruismus_02`,`altruismus_03`,`angst_01`,`angst_02`,`angst_03`,`befang_01`,`befang_02`,`befang_03`,`bescheiden_01`,`bescheiden_02`,`bescheiden_03`,`disziplin_01`,`disziplin_02`,`disziplin_03`,`durchsetz_01`,`durchsetz_02`,`durchsetz_03`,`emotion_01`,`emotion_02`,`emotion_03`,`entgegen_01`,`entgegen_02`,`entgegen_03`,`fantasie_01`,`fantasie_02`,`fantasie_03`,`freimut_01`,`freimut_02`,`freimut_03`,`gesell_01`,`gesell_02`,`gesell_03`,`glueck_01`,`glueck_02`,`glueck_03`,`herzlich_01`,`herzlich_02`,`herzlich_03`,`impuls_01`,`impuls_02`,`impuls_03`,`intellekt_01`,`intellekt_02`,`intellekt_03`,`kompetenz_01`,`kompetenz_02`,`kompetenz_03`,`leistung_01`,`leistung_02`,`leistung_03`,`liberal_01`,`liberal_02`,`liberal_03`,`mitgefuehl_01`,`mitgefuehl_02`,`mitgefuehl_03`,`neugier_01`,`neugier_02`,`neugier_03`,`ordnung_01`,`ordnung_02`,`ordnung_03`,`pessi_01`,`pessi_02`,`pessi_03`,`pflicht_01`,`pflicht_02`,`pflicht_03`,`reizbar_01`,`reizbar_02`,`reizbar_03`,`sorgfalt_01`,`sorgfalt_02`,`sorgfalt_03`,`verletz_01`,`verletz_02`,`verletz_03`,`vertrauen_01`,`vertrauen_02`,`vertrauen_03`) VALUES ('25','2011-12-27 11:58:05','ggg@ggg.de','0','0','0','0','0','0','0','0','0','0','0','0','0','0','0','3','0','0','0','0','0','0','0','0','0','0','0','0','0','0','0','0','0','0','0','0','0','0','0','0','0','0','0','0','0','0','0','0','0','0','0','0','0','0','0','0','0','0','0','0','0','0','0','0','3','0','0','0','0','0','0','0','0','0','0','0','0','0','0','0','0','0','0','0','0','0','0','0','0','0');
INSERT INTO `ptest` (`id`,`timestamp`,`email`,`abenteuer_01`,`abenteuer_02`,`abenteuer_03`,`aesthetik_01`,`aesthetik_02`,`aesthetik_03`,`aktiv_01`,`aktiv_02`,`aktiv_03`,`altruismus_01`,`altruismus_02`,`altruismus_03`,`angst_01`,`angst_02`,`angst_03`,`befang_01`,`befang_02`,`befang_03`,`bescheiden_01`,`bescheiden_02`,`bescheiden_03`,`disziplin_01`,`disziplin_02`,`disziplin_03`,`durchsetz_01`,`durchsetz_02`,`durchsetz_03`,`emotion_01`,`emotion_02`,`emotion_03`,`entgegen_01`,`entgegen_02`,`entgegen_03`,`fantasie_01`,`fantasie_02`,`fantasie_03`,`freimut_01`,`freimut_02`,`freimut_03`,`gesell_01`,`gesell_02`,`gesell_03`,`glueck_01`,`glueck_02`,`glueck_03`,`herzlich_01`,`herzlich_02`,`herzlich_03`,`impuls_01`,`impuls_02`,`impuls_03`,`intellekt_01`,`intellekt_02`,`intellekt_03`,`kompetenz_01`,`kompetenz_02`,`kompetenz_03`,`leistung_01`,`leistung_02`,`leistung_03`,`liberal_01`,`liberal_02`,`liberal_03`,`mitgefuehl_01`,`mitgefuehl_02`,`mitgefuehl_03`,`neugier_01`,`neugier_02`,`neugier_03`,`ordnung_01`,`ordnung_02`,`ordnung_03`,`pessi_01`,`pessi_02`,`pessi_03`,`pflicht_01`,`pflicht_02`,`pflicht_03`,`reizbar_01`,`reizbar_02`,`reizbar_03`,`sorgfalt_01`,`sorgfalt_02`,`sorgfalt_03`,`verletz_01`,`verletz_02`,`verletz_03`,`vertrauen_01`,`vertrauen_02`,`vertrauen_03`) VALUES ('26','2011-12-27 14:23:07','aus@tirol.com','0','0','0','0','0','0','0','0','0','0','0','0','0','0','0','3','0','0','0','0','0','0','0','0','0','0','0','0','0','0','0','0','0','0','0','0','0','0','0','0','0','0','0','0','0','0','0','0','0','0','0','0','0','0','0','0','0','0','0','0','0','0','0','0','4','0','0','0','0','0','0','0','0','0','0','0','0','0','0','0','0','0','0','0','0','0','0','0','0','0');
INSERT INTO `ptest` (`id`,`timestamp`,`email`,`abenteuer_01`,`abenteuer_02`,`abenteuer_03`,`aesthetik_01`,`aesthetik_02`,`aesthetik_03`,`aktiv_01`,`aktiv_02`,`aktiv_03`,`altruismus_01`,`altruismus_02`,`altruismus_03`,`angst_01`,`angst_02`,`angst_03`,`befang_01`,`befang_02`,`befang_03`,`bescheiden_01`,`bescheiden_02`,`bescheiden_03`,`disziplin_01`,`disziplin_02`,`disziplin_03`,`durchsetz_01`,`durchsetz_02`,`durchsetz_03`,`emotion_01`,`emotion_02`,`emotion_03`,`entgegen_01`,`entgegen_02`,`entgegen_03`,`fantasie_01`,`fantasie_02`,`fantasie_03`,`freimut_01`,`freimut_02`,`freimut_03`,`gesell_01`,`gesell_02`,`gesell_03`,`glueck_01`,`glueck_02`,`glueck_03`,`herzlich_01`,`herzlich_02`,`herzlich_03`,`impuls_01`,`impuls_02`,`impuls_03`,`intellekt_01`,`intellekt_02`,`intellekt_03`,`kompetenz_01`,`kompetenz_02`,`kompetenz_03`,`leistung_01`,`leistung_02`,`leistung_03`,`liberal_01`,`liberal_02`,`liberal_03`,`mitgefuehl_01`,`mitgefuehl_02`,`mitgefuehl_03`,`neugier_01`,`neugier_02`,`neugier_03`,`ordnung_01`,`ordnung_02`,`ordnung_03`,`pessi_01`,`pessi_02`,`pessi_03`,`pflicht_01`,`pflicht_02`,`pflicht_03`,`reizbar_01`,`reizbar_02`,`reizbar_03`,`sorgfalt_01`,`sorgfalt_02`,`sorgfalt_03`,`verletz_01`,`verletz_02`,`verletz_03`,`vertrauen_01`,`vertrauen_02`,`vertrauen_03`) VALUES ('27','2011-12-27 14:41:22','gggg@gg.de','0','0','0','0','0','0','0','0','0','0','0','0','0','0','0','3','0','0','0','0','0','0','0','0','0','0','0','0','0','0','0','0','0','0','0','0','0','0','0','0','0','0','0','0','0','0','0','0','0','0','0','0','0','0','0','0','0','0','0','0','0','0','0','0','3','0','0','0','0','0','0','0','0','0','0','0','0','0','0','0','0','0','0','0','0','0','0','0','0','0');
INSERT INTO `ptest` (`id`,`timestamp`,`email`,`abenteuer_01`,`abenteuer_02`,`abenteuer_03`,`aesthetik_01`,`aesthetik_02`,`aesthetik_03`,`aktiv_01`,`aktiv_02`,`aktiv_03`,`altruismus_01`,`altruismus_02`,`altruismus_03`,`angst_01`,`angst_02`,`angst_03`,`befang_01`,`befang_02`,`befang_03`,`bescheiden_01`,`bescheiden_02`,`bescheiden_03`,`disziplin_01`,`disziplin_02`,`disziplin_03`,`durchsetz_01`,`durchsetz_02`,`durchsetz_03`,`emotion_01`,`emotion_02`,`emotion_03`,`entgegen_01`,`entgegen_02`,`entgegen_03`,`fantasie_01`,`fantasie_02`,`fantasie_03`,`freimut_01`,`freimut_02`,`freimut_03`,`gesell_01`,`gesell_02`,`gesell_03`,`glueck_01`,`glueck_02`,`glueck_03`,`herzlich_01`,`herzlich_02`,`herzlich_03`,`impuls_01`,`impuls_02`,`impuls_03`,`intellekt_01`,`intellekt_02`,`intellekt_03`,`kompetenz_01`,`kompetenz_02`,`kompetenz_03`,`leistung_01`,`leistung_02`,`leistung_03`,`liberal_01`,`liberal_02`,`liberal_03`,`mitgefuehl_01`,`mitgefuehl_02`,`mitgefuehl_03`,`neugier_01`,`neugier_02`,`neugier_03`,`ordnung_01`,`ordnung_02`,`ordnung_03`,`pessi_01`,`pessi_02`,`pessi_03`,`pflicht_01`,`pflicht_02`,`pflicht_03`,`reizbar_01`,`reizbar_02`,`reizbar_03`,`sorgfalt_01`,`sorgfalt_02`,`sorgfalt_03`,`verletz_01`,`verletz_02`,`verletz_03`,`vertrauen_01`,`vertrauen_02`,`vertrauen_03`) VALUES ('28','2011-12-27 14:49:40','111@ggf.de','0','0','0','0','0','0','0','0','0','0','0','0','0','0','0','2','0','0','0','0','0','0','0','0','0','0','0','0','0','0','0','0','0','0','0','0','0','0','0','0','0','0','0','0','0','0','0','0','0','0','0','0','0','0','0','0','0','0','0','0','0','0','0','0','2','0','0','0','0','0','0','0','0','0','0','0','0','0','0','0','0','0','0','0','0','0','0','0','0','0');
INSERT INTO `ptest` (`id`,`timestamp`,`email`,`abenteuer_01`,`abenteuer_02`,`abenteuer_03`,`aesthetik_01`,`aesthetik_02`,`aesthetik_03`,`aktiv_01`,`aktiv_02`,`aktiv_03`,`altruismus_01`,`altruismus_02`,`altruismus_03`,`angst_01`,`angst_02`,`angst_03`,`befang_01`,`befang_02`,`befang_03`,`bescheiden_01`,`bescheiden_02`,`bescheiden_03`,`disziplin_01`,`disziplin_02`,`disziplin_03`,`durchsetz_01`,`durchsetz_02`,`durchsetz_03`,`emotion_01`,`emotion_02`,`emotion_03`,`entgegen_01`,`entgegen_02`,`entgegen_03`,`fantasie_01`,`fantasie_02`,`fantasie_03`,`freimut_01`,`freimut_02`,`freimut_03`,`gesell_01`,`gesell_02`,`gesell_03`,`glueck_01`,`glueck_02`,`glueck_03`,`herzlich_01`,`herzlich_02`,`herzlich_03`,`impuls_01`,`impuls_02`,`impuls_03`,`intellekt_01`,`intellekt_02`,`intellekt_03`,`kompetenz_01`,`kompetenz_02`,`kompetenz_03`,`leistung_01`,`leistung_02`,`leistung_03`,`liberal_01`,`liberal_02`,`liberal_03`,`mitgefuehl_01`,`mitgefuehl_02`,`mitgefuehl_03`,`neugier_01`,`neugier_02`,`neugier_03`,`ordnung_01`,`ordnung_02`,`ordnung_03`,`pessi_01`,`pessi_02`,`pessi_03`,`pflicht_01`,`pflicht_02`,`pflicht_03`,`reizbar_01`,`reizbar_02`,`reizbar_03`,`sorgfalt_01`,`sorgfalt_02`,`sorgfalt_03`,`verletz_01`,`verletz_02`,`verletz_03`,`vertrauen_01`,`vertrauen_02`,`vertrauen_03`) VALUES ('29','2011-12-27 17:23:59','fffferdmann@pro-baustoffe.de','0','0','0','0','0','0','0','0','0','0','0','0','0','0','0','3','0','0','0','0','0','0','0','0','0','0','0','0','0','0','0','0','0','0','0','0','0','0','0','0','0','0','0','0','0','0','0','0','0','0','0','0','0','0','0','0','0','0','0','0','0','0','0','0','4','0','0','0','0','0','0','0','0','0','0','0','0','0','0','0','0','0','0','0','0','0','0','0','0','0');
INSERT INTO `ptest` (`id`,`timestamp`,`email`,`abenteuer_01`,`abenteuer_02`,`abenteuer_03`,`aesthetik_01`,`aesthetik_02`,`aesthetik_03`,`aktiv_01`,`aktiv_02`,`aktiv_03`,`altruismus_01`,`altruismus_02`,`altruismus_03`,`angst_01`,`angst_02`,`angst_03`,`befang_01`,`befang_02`,`befang_03`,`bescheiden_01`,`bescheiden_02`,`bescheiden_03`,`disziplin_01`,`disziplin_02`,`disziplin_03`,`durchsetz_01`,`durchsetz_02`,`durchsetz_03`,`emotion_01`,`emotion_02`,`emotion_03`,`entgegen_01`,`entgegen_02`,`entgegen_03`,`fantasie_01`,`fantasie_02`,`fantasie_03`,`freimut_01`,`freimut_02`,`freimut_03`,`gesell_01`,`gesell_02`,`gesell_03`,`glueck_01`,`glueck_02`,`glueck_03`,`herzlich_01`,`herzlich_02`,`herzlich_03`,`impuls_01`,`impuls_02`,`impuls_03`,`intellekt_01`,`intellekt_02`,`intellekt_03`,`kompetenz_01`,`kompetenz_02`,`kompetenz_03`,`leistung_01`,`leistung_02`,`leistung_03`,`liberal_01`,`liberal_02`,`liberal_03`,`mitgefuehl_01`,`mitgefuehl_02`,`mitgefuehl_03`,`neugier_01`,`neugier_02`,`neugier_03`,`ordnung_01`,`ordnung_02`,`ordnung_03`,`pessi_01`,`pessi_02`,`pessi_03`,`pflicht_01`,`pflicht_02`,`pflicht_03`,`reizbar_01`,`reizbar_02`,`reizbar_03`,`sorgfalt_01`,`sorgfalt_02`,`sorgfalt_03`,`verletz_01`,`verletz_02`,`verletz_03`,`vertrauen_01`,`vertrauen_02`,`vertrauen_03`) VALUES ('30','2011-12-29 06:55:28','f@ddd.de','0','0','0','0','0','0','0','0','0','0','0','0','0','0','0','3','0','0','0','0','0','0','0','0','0','0','0','0','0','0','0','0','0','0','0','0','0','0','0','0','0','0','0','0','0','0','0','0','0','0','0','0','0','0','0','0','0','0','0','0','0','0','0','0','3','0','0','0','0','0','0','0','0','0','0','0','0','0','0','0','0','0','0','0','0','0','0','0','0','0');
INSERT INTO `ptest` (`id`,`timestamp`,`email`,`abenteuer_01`,`abenteuer_02`,`abenteuer_03`,`aesthetik_01`,`aesthetik_02`,`aesthetik_03`,`aktiv_01`,`aktiv_02`,`aktiv_03`,`altruismus_01`,`altruismus_02`,`altruismus_03`,`angst_01`,`angst_02`,`angst_03`,`befang_01`,`befang_02`,`befang_03`,`bescheiden_01`,`bescheiden_02`,`bescheiden_03`,`disziplin_01`,`disziplin_02`,`disziplin_03`,`durchsetz_01`,`durchsetz_02`,`durchsetz_03`,`emotion_01`,`emotion_02`,`emotion_03`,`entgegen_01`,`entgegen_02`,`entgegen_03`,`fantasie_01`,`fantasie_02`,`fantasie_03`,`freimut_01`,`freimut_02`,`freimut_03`,`gesell_01`,`gesell_02`,`gesell_03`,`glueck_01`,`glueck_02`,`glueck_03`,`herzlich_01`,`herzlich_02`,`herzlich_03`,`impuls_01`,`impuls_02`,`impuls_03`,`intellekt_01`,`intellekt_02`,`intellekt_03`,`kompetenz_01`,`kompetenz_02`,`kompetenz_03`,`leistung_01`,`leistung_02`,`leistung_03`,`liberal_01`,`liberal_02`,`liberal_03`,`mitgefuehl_01`,`mitgefuehl_02`,`mitgefuehl_03`,`neugier_01`,`neugier_02`,`neugier_03`,`ordnung_01`,`ordnung_02`,`ordnung_03`,`pessi_01`,`pessi_02`,`pessi_03`,`pflicht_01`,`pflicht_02`,`pflicht_03`,`reizbar_01`,`reizbar_02`,`reizbar_03`,`sorgfalt_01`,`sorgfalt_02`,`sorgfalt_03`,`verletz_01`,`verletz_02`,`verletz_03`,`vertrauen_01`,`vertrauen_02`,`vertrauen_03`) VALUES ('31','2011-12-29 09:08:53','nnn@nnn.de','0','0','0','0','0','0','0','0','0','0','0','0','0','0','0','3','0','0','0','0','0','0','0','0','0','0','0','0','0','0','0','0','0','0','0','0','0','0','0','0','0','0','0','0','0','0','0','0','0','0','0','0','0','0','0','0','0','0','0','0','0','0','0','0','4','0','0','0','0','0','0','0','0','0','0','0','0','0','0','0','0','0','0','0','0','0','0','0','0','0');
INSERT INTO `ptest` (`id`,`timestamp`,`email`,`abenteuer_01`,`abenteuer_02`,`abenteuer_03`,`aesthetik_01`,`aesthetik_02`,`aesthetik_03`,`aktiv_01`,`aktiv_02`,`aktiv_03`,`altruismus_01`,`altruismus_02`,`altruismus_03`,`angst_01`,`angst_02`,`angst_03`,`befang_01`,`befang_02`,`befang_03`,`bescheiden_01`,`bescheiden_02`,`bescheiden_03`,`disziplin_01`,`disziplin_02`,`disziplin_03`,`durchsetz_01`,`durchsetz_02`,`durchsetz_03`,`emotion_01`,`emotion_02`,`emotion_03`,`entgegen_01`,`entgegen_02`,`entgegen_03`,`fantasie_01`,`fantasie_02`,`fantasie_03`,`freimut_01`,`freimut_02`,`freimut_03`,`gesell_01`,`gesell_02`,`gesell_03`,`glueck_01`,`glueck_02`,`glueck_03`,`herzlich_01`,`herzlich_02`,`herzlich_03`,`impuls_01`,`impuls_02`,`impuls_03`,`intellekt_01`,`intellekt_02`,`intellekt_03`,`kompetenz_01`,`kompetenz_02`,`kompetenz_03`,`leistung_01`,`leistung_02`,`leistung_03`,`liberal_01`,`liberal_02`,`liberal_03`,`mitgefuehl_01`,`mitgefuehl_02`,`mitgefuehl_03`,`neugier_01`,`neugier_02`,`neugier_03`,`ordnung_01`,`ordnung_02`,`ordnung_03`,`pessi_01`,`pessi_02`,`pessi_03`,`pflicht_01`,`pflicht_02`,`pflicht_03`,`reizbar_01`,`reizbar_02`,`reizbar_03`,`sorgfalt_01`,`sorgfalt_02`,`sorgfalt_03`,`verletz_01`,`verletz_02`,`verletz_03`,`vertrauen_01`,`vertrauen_02`,`vertrauen_03`) VALUES ('32','2011-12-29 09:17:52','23erdmann@pro-baustoffe.de','0','0','0','0','0','0','0','0','0','0','0','0','0','0','0','4','0','0','0','0','0','0','0','0','0','0','0','0','0','0','0','0','0','0','0','0','0','0','0','0','0','0','0','0','0','0','0','0','0','0','0','0','0','0','0','0','0','0','0','0','0','0','0','0','4','0','0','0','0','0','0','0','0','0','0','0','0','0','0','0','0','0','0','0','0','0','0','0','0','0');
INSERT INTO `ptest` (`id`,`timestamp`,`email`,`abenteuer_01`,`abenteuer_02`,`abenteuer_03`,`aesthetik_01`,`aesthetik_02`,`aesthetik_03`,`aktiv_01`,`aktiv_02`,`aktiv_03`,`altruismus_01`,`altruismus_02`,`altruismus_03`,`angst_01`,`angst_02`,`angst_03`,`befang_01`,`befang_02`,`befang_03`,`bescheiden_01`,`bescheiden_02`,`bescheiden_03`,`disziplin_01`,`disziplin_02`,`disziplin_03`,`durchsetz_01`,`durchsetz_02`,`durchsetz_03`,`emotion_01`,`emotion_02`,`emotion_03`,`entgegen_01`,`entgegen_02`,`entgegen_03`,`fantasie_01`,`fantasie_02`,`fantasie_03`,`freimut_01`,`freimut_02`,`freimut_03`,`gesell_01`,`gesell_02`,`gesell_03`,`glueck_01`,`glueck_02`,`glueck_03`,`herzlich_01`,`herzlich_02`,`herzlich_03`,`impuls_01`,`impuls_02`,`impuls_03`,`intellekt_01`,`intellekt_02`,`intellekt_03`,`kompetenz_01`,`kompetenz_02`,`kompetenz_03`,`leistung_01`,`leistung_02`,`leistung_03`,`liberal_01`,`liberal_02`,`liberal_03`,`mitgefuehl_01`,`mitgefuehl_02`,`mitgefuehl_03`,`neugier_01`,`neugier_02`,`neugier_03`,`ordnung_01`,`ordnung_02`,`ordnung_03`,`pessi_01`,`pessi_02`,`pessi_03`,`pflicht_01`,`pflicht_02`,`pflicht_03`,`reizbar_01`,`reizbar_02`,`reizbar_03`,`sorgfalt_01`,`sorgfalt_02`,`sorgfalt_03`,`verletz_01`,`verletz_02`,`verletz_03`,`vertrauen_01`,`vertrauen_02`,`vertrauen_03`) VALUES ('33','2011-12-29 13:15:19','erdmann@pro-baustoffe.de','0','0','0','0','0','0','0','0','0','0','0','0','0','0','0','5','0','0','0','0','0','0','0','0','0','0','0','0','0','0','0','0','0','0','0','0','0','0','0','0','0','0','0','0','0','0','0','0','0','0','0','0','0','0','0','0','0','0','0','0','0','0','0','0','5','0','0','0','0','0','0','0','0','0','0','0','0','0','0','0','0','0','0','0','0','0','0','0','0','0');
INSERT INTO `ptest` (`id`,`timestamp`,`email`,`abenteuer_01`,`abenteuer_02`,`abenteuer_03`,`aesthetik_01`,`aesthetik_02`,`aesthetik_03`,`aktiv_01`,`aktiv_02`,`aktiv_03`,`altruismus_01`,`altruismus_02`,`altruismus_03`,`angst_01`,`angst_02`,`angst_03`,`befang_01`,`befang_02`,`befang_03`,`bescheiden_01`,`bescheiden_02`,`bescheiden_03`,`disziplin_01`,`disziplin_02`,`disziplin_03`,`durchsetz_01`,`durchsetz_02`,`durchsetz_03`,`emotion_01`,`emotion_02`,`emotion_03`,`entgegen_01`,`entgegen_02`,`entgegen_03`,`fantasie_01`,`fantasie_02`,`fantasie_03`,`freimut_01`,`freimut_02`,`freimut_03`,`gesell_01`,`gesell_02`,`gesell_03`,`glueck_01`,`glueck_02`,`glueck_03`,`herzlich_01`,`herzlich_02`,`herzlich_03`,`impuls_01`,`impuls_02`,`impuls_03`,`intellekt_01`,`intellekt_02`,`intellekt_03`,`kompetenz_01`,`kompetenz_02`,`kompetenz_03`,`leistung_01`,`leistung_02`,`leistung_03`,`liberal_01`,`liberal_02`,`liberal_03`,`mitgefuehl_01`,`mitgefuehl_02`,`mitgefuehl_03`,`neugier_01`,`neugier_02`,`neugier_03`,`ordnung_01`,`ordnung_02`,`ordnung_03`,`pessi_01`,`pessi_02`,`pessi_03`,`pflicht_01`,`pflicht_02`,`pflicht_03`,`reizbar_01`,`reizbar_02`,`reizbar_03`,`sorgfalt_01`,`sorgfalt_02`,`sorgfalt_03`,`verletz_01`,`verletz_02`,`verletz_03`,`vertrauen_01`,`vertrauen_02`,`vertrauen_03`) VALUES ('34','2012-01-04 12:47:48','','0','0','0','0','0','0','0','0','0','0','0','0','0','0','0','0','0','0','0','0','0','0','0','0','0','0','0','0','0','0','0','0','0','0','0','0','0','0','0','0','0','0','0','0','0','0','0','0','0','0','0','0','0','0','0','0','0','0','0','0','0','0','0','0','0','0','0','0','0','0','0','0','0','0','0','0','0','0','0','0','0','0','0','0','0','0','0','0','0','0');
INSERT INTO `ptest` (`id`,`timestamp`,`email`,`abenteuer_01`,`abenteuer_02`,`abenteuer_03`,`aesthetik_01`,`aesthetik_02`,`aesthetik_03`,`aktiv_01`,`aktiv_02`,`aktiv_03`,`altruismus_01`,`altruismus_02`,`altruismus_03`,`angst_01`,`angst_02`,`angst_03`,`befang_01`,`befang_02`,`befang_03`,`bescheiden_01`,`bescheiden_02`,`bescheiden_03`,`disziplin_01`,`disziplin_02`,`disziplin_03`,`durchsetz_01`,`durchsetz_02`,`durchsetz_03`,`emotion_01`,`emotion_02`,`emotion_03`,`entgegen_01`,`entgegen_02`,`entgegen_03`,`fantasie_01`,`fantasie_02`,`fantasie_03`,`freimut_01`,`freimut_02`,`freimut_03`,`gesell_01`,`gesell_02`,`gesell_03`,`glueck_01`,`glueck_02`,`glueck_03`,`herzlich_01`,`herzlich_02`,`herzlich_03`,`impuls_01`,`impuls_02`,`impuls_03`,`intellekt_01`,`intellekt_02`,`intellekt_03`,`kompetenz_01`,`kompetenz_02`,`kompetenz_03`,`leistung_01`,`leistung_02`,`leistung_03`,`liberal_01`,`liberal_02`,`liberal_03`,`mitgefuehl_01`,`mitgefuehl_02`,`mitgefuehl_03`,`neugier_01`,`neugier_02`,`neugier_03`,`ordnung_01`,`ordnung_02`,`ordnung_03`,`pessi_01`,`pessi_02`,`pessi_03`,`pflicht_01`,`pflicht_02`,`pflicht_03`,`reizbar_01`,`reizbar_02`,`reizbar_03`,`sorgfalt_01`,`sorgfalt_02`,`sorgfalt_03`,`verletz_01`,`verletz_02`,`verletz_03`,`vertrauen_01`,`vertrauen_02`,`vertrauen_03`) VALUES ('35','2012-01-04 12:55:02','test@test.de','0','0','0','0','0','0','0','0','0','0','0','0','0','0','0','3','0','0','0','0','0','0','0','0','0','0','0','0','0','0','0','0','0','0','0','0','0','0','0','0','0','0','0','0','0','0','0','0','0','0','0','0','0','0','0','0','0','0','0','0','0','0','0','0','3','0','0','0','0','0','0','0','0','0','0','0','0','0','0','0','0','0','0','0','0','0','0','0','0','0');

INSERT INTO `quest` (`id`,`short`,`long`,`head`,`pos`) VALUES ('1','mitgefuehl_02','','wissen was der andere fühlt',NULL);
INSERT INTO `quest` (`id`,`short`,`long`,`head`,`pos`) VALUES ('2','befang_01','','schnell verunsichert fühlen',NULL);
INSERT INTO `quest` (`id`,`short`,`long`,`head`,`pos`) VALUES ('3','aesthetik_01','','gehen gerne ins Theater, zu Vorlesungen oder auf Konzerte',NULL);
INSERT INTO `quest` (`id`,`short`,`long`,`head`,`pos`) VALUES ('4','intellekt_01','','Wissbegierig',NULL);
INSERT INTO `quest` (`id`,`short`,`long`,`head`,`pos`) VALUES ('5','angst_01','','ängstlich',NULL);
INSERT INTO `quest` (`id`,`short`,`long`,`head`,`pos`) VALUES ('6','verletz_01','','schnell von anderen Enttäuscht',NULL);
INSERT INTO `quest` (`id`,`short`,`long`,`head`,`pos`) VALUES ('7','intellekt_03','','Verbindungen herleiten und Zusammenhänge erkennen',NULL);
INSERT INTO `quest` (`id`,`short`,`long`,`head`,`pos`) VALUES ('8','mitgefuehl_01','','einfühlsam',NULL);
INSERT INTO `quest` (`id`,`short`,`long`,`head`,`pos`) VALUES ('9','kompetenz_03','','Kompetent auf Ihrem Gebiet',NULL);
INSERT INTO `quest` (`id`,`short`,`long`,`head`,`pos`) VALUES ('10','sorgfalt_02','','eher vorsichtig',NULL);
INSERT INTO `quest` (`id`,`short`,`long`,`head`,`pos`) VALUES ('11','aktiv_03','','viele Hobbies',NULL);
INSERT INTO `quest` (`id`,`short`,`long`,`head`,`pos`) VALUES ('12','herzlich_02','','sozial, hilfsbereit, selbstlos',NULL);
INSERT INTO `quest` (`id`,`short`,`long`,`head`,`pos`) VALUES ('13','altruismus_03','','überzeugt, wenn ich helfe, werden sich auch andere hilfsbereit zeigen',NULL);
INSERT INTO `quest` (`id`,`short`,`long`,`head`,`pos`) VALUES ('14','neugier_02','','probieren unbekannte Speisen, exotische Lokale',NULL);
INSERT INTO `quest` (`id`,`short`,`long`,`head`,`pos`) VALUES ('15','leistung_03','','Ehgeizig',NULL);
INSERT INTO `quest` (`id`,`short`,`long`,`head`,`pos`) VALUES ('16','glueck_02','','selbstliebe',NULL);
INSERT INTO `quest` (`id`,`short`,`long`,`head`,`pos`) VALUES ('17','reizbar_01','','wächst alles über den Kopf',NULL);
INSERT INTO `quest` (`id`,`short`,`long`,`head`,`pos`) VALUES ('18','ordnung_01','','ordentlich',NULL);
INSERT INTO `quest` (`id`,`short`,`long`,`head`,`pos`) VALUES ('19','reizbar_03','','Gefühl des Ausgeliefertseins',NULL);
INSERT INTO `quest` (`id`,`short`,`long`,`head`,`pos`) VALUES ('20','emotion_02','','lasse mich leicht durch äußere Faktoren beeinflussen',NULL);
INSERT INTO `quest` (`id`,`short`,`long`,`head`,`pos`) VALUES ('21','abenteuer_01','','Abenteuerlustig',NULL);
INSERT INTO `quest` (`id`,`short`,`long`,`head`,`pos`) VALUES ('22','angst_03','','grübeln',NULL);
INSERT INTO `quest` (`id`,`short`,`long`,`head`,`pos`) VALUES ('23','freimut_03','','Manipulieren von Menschen',NULL);
INSERT INTO `quest` (`id`,`short`,`long`,`head`,`pos`) VALUES ('24','impuls_02','','zu Extremen neigen',NULL);
INSERT INTO `quest` (`id`,`short`,`long`,`head`,`pos`) VALUES ('25','kompetenz_02','','Zweifel an eigenen Fähigkeiten',NULL);
INSERT INTO `quest` (`id`,`short`,`long`,`head`,`pos`) VALUES ('26','entgegen_03','','das persönliche Fortkommen ist wichtiger als eine unbedingte Harmonie',NULL);
INSERT INTO `quest` (`id`,`short`,`long`,`head`,`pos`) VALUES ('27','gesell_02','','viele Menschen',NULL);
INSERT INTO `quest` (`id`,`short`,`long`,`head`,`pos`) VALUES ('28','liberal_03','','bestehendes  infrage stellen',NULL);
INSERT INTO `quest` (`id`,`short`,`long`,`head`,`pos`) VALUES ('29','glueck_03','','Gefühle spüren und hingeben',NULL);
INSERT INTO `quest` (`id`,`short`,`long`,`head`,`pos`) VALUES ('30','kompetenz_01','','Entscheidungen durch Wissen sicher treffen',NULL);
INSERT INTO `quest` (`id`,`short`,`long`,`head`,`pos`) VALUES ('31','bescheiden_01','','es ist wichtig seine Leistungen ins richtige Licht zu rücken',NULL);
INSERT INTO `quest` (`id`,`short`,`long`,`head`,`pos`) VALUES ('32','gesell_03','','neue Kontakte',NULL);
INSERT INTO `quest` (`id`,`short`,`long`,`head`,`pos`) VALUES ('33','pflicht_02','','Zuverlässigkeit',NULL);
INSERT INTO `quest` (`id`,`short`,`long`,`head`,`pos`) VALUES ('34','vertrauen_01','','vertrauensvoll',NULL);
INSERT INTO `quest` (`id`,`short`,`long`,`head`,`pos`) VALUES ('35','vertrauen_02','','überzeugt vom guten im Menschen',NULL);
INSERT INTO `quest` (`id`,`short`,`long`,`head`,`pos`) VALUES ('36','ordnung_03','','gut organisiert',NULL);
INSERT INTO `quest` (`id`,`short`,`long`,`head`,`pos`) VALUES ('37','glueck_01','','optimistisch, begeisterungsfähig',NULL);
INSERT INTO `quest` (`id`,`short`,`long`,`head`,`pos`) VALUES ('38','intellekt_02','','die Welt verstehen wollen',NULL);
INSERT INTO `quest` (`id`,`short`,`long`,`head`,`pos`) VALUES ('39','fantasie_01','','geben sich gern Tagträumen hin',NULL);
INSERT INTO `quest` (`id`,`short`,`long`,`head`,`pos`) VALUES ('40','herzlich_01','','liebenswert',NULL);
INSERT INTO `quest` (`id`,`short`,`long`,`head`,`pos`) VALUES ('41','durchsetz_02','','Führungsrolle / Teamplayer',NULL);
INSERT INTO `quest` (`id`,`short`,`long`,`head`,`pos`) VALUES ('42','altruismus_02','','vergessen nie Geburtstage ihrer Lieben',NULL);
INSERT INTO `quest` (`id`,`short`,`long`,`head`,`pos`) VALUES ('43','herzlich_03','','wohlwollend',NULL);
INSERT INTO `quest` (`id`,`short`,`long`,`head`,`pos`) VALUES ('44','verletz_02','','braucht länger um wieder auf normal zu kommen',NULL);
INSERT INTO `quest` (`id`,`short`,`long`,`head`,`pos`) VALUES ('45','gesell_01','','kommunikativ + ausgelassen',NULL);
INSERT INTO `quest` (`id`,`short`,`long`,`head`,`pos`) VALUES ('46','pessi_03','','manchmal erschein alles sinnlos und hohl',NULL);
INSERT INTO `quest` (`id`,`short`,`long`,`head`,`pos`) VALUES ('47','reizbar_02','','gereizt',NULL);
INSERT INTO `quest` (`id`,`short`,`long`,`head`,`pos`) VALUES ('48','freimut_01','','schmeicheln um eigenen Nutzen zu erzielen',NULL);
INSERT INTO `quest` (`id`,`short`,`long`,`head`,`pos`) VALUES ('49','aktiv_01','','Impulsiv',NULL);
INSERT INTO `quest` (`id`,`short`,`long`,`head`,`pos`) VALUES ('50','befang_03','','Wünschen anderer nachgeben',NULL);
INSERT INTO `quest` (`id`,`short`,`long`,`head`,`pos`) VALUES ('51','freimut_02','','geradeheraus die Meinung sagen',NULL);
INSERT INTO `quest` (`id`,`short`,`long`,`head`,`pos`) VALUES ('52','impuls_03','','Konzentrationsfähigkeit vs. Ablenkung',NULL);
INSERT INTO `quest` (`id`,`short`,`long`,`head`,`pos`) VALUES ('53','aktiv_02','','ständig unter Strom',NULL);
INSERT INTO `quest` (`id`,`short`,`long`,`head`,`pos`) VALUES ('54','sorgfalt_01','','erst Plan machen',NULL);
INSERT INTO `quest` (`id`,`short`,`long`,`head`,`pos`) VALUES ('55','impuls_01','','Verlockungen nachgeben',NULL);
INSERT INTO `quest` (`id`,`short`,`long`,`head`,`pos`) VALUES ('56','aesthetik_03','','sind eher praktisch eingerichtet',NULL);
INSERT INTO `quest` (`id`,`short`,`long`,`head`,`pos`) VALUES ('57','fantasie_03','','habe ein reges Fantasieleben',NULL);
INSERT INTO `quest` (`id`,`short`,`long`,`head`,`pos`) VALUES ('58','bescheiden_03','','stolz',NULL);
INSERT INTO `quest` (`id`,`short`,`long`,`head`,`pos`) VALUES ('59','sorgfalt_03','','intuitiv/rational',NULL);
INSERT INTO `quest` (`id`,`short`,`long`,`head`,`pos`) VALUES ('60','durchsetz_01','','Entscheidungen schnell treffen, dabei bleiben',NULL);
INSERT INTO `quest` (`id`,`short`,`long`,`head`,`pos`) VALUES ('61','entgegen_02','','sehe andere eher als Wettbewerber',NULL);
INSERT INTO `quest` (`id`,`short`,`long`,`head`,`pos`) VALUES ('62','mitgefuehl_03','','Sentimentalitäten',NULL);
INSERT INTO `quest` (`id`,`short`,`long`,`head`,`pos`) VALUES ('63','verletz_03','','schnell aufgeben',NULL);
INSERT INTO `quest` (`id`,`short`,`long`,`head`,`pos`) VALUES ('64','emotion_01','','ich nehme meine Gefühle sehr gut und intensiv wahr',NULL);
INSERT INTO `quest` (`id`,`short`,`long`,`head`,`pos`) VALUES ('65','angst_02','','nervös',NULL);
INSERT INTO `quest` (`id`,`short`,`long`,`head`,`pos`) VALUES ('66','abenteuer_03','','Spontan',NULL);
INSERT INTO `quest` (`id`,`short`,`long`,`head`,`pos`) VALUES ('67','vertrauen_03','','glauben an Verschwörungen',NULL);
INSERT INTO `quest` (`id`,`short`,`long`,`head`,`pos`) VALUES ('68','pessi_01','','das Gefühl versagt zu haben',NULL);
INSERT INTO `quest` (`id`,`short`,`long`,`head`,`pos`) VALUES ('69','ordnung_02','','Dinge so perfekt wie möglich tun',NULL);
INSERT INTO `quest` (`id`,`short`,`long`,`head`,`pos`) VALUES ('70','bescheiden_02','','Bescheidenheit ist eine Zier, doch besser lebt man ohne ihr.',NULL);
INSERT INTO `quest` (`id`,`short`,`long`,`head`,`pos`) VALUES ('71','emotion_03','','im Restaurant ist Atmosphäre wichtig',NULL);
INSERT INTO `quest` (`id`,`short`,`long`,`head`,`pos`) VALUES ('72','aesthetik_02','','haben einen ´Hang zur Esoterik',NULL);
INSERT INTO `quest` (`id`,`short`,`long`,`head`,`pos`) VALUES ('73','leistung_01','','Erfolg ist wichtig im Leben',NULL);
INSERT INTO `quest` (`id`,`short`,`long`,`head`,`pos`) VALUES ('74','durchsetz_03','','Durchsetzungsfähig',NULL);
INSERT INTO `quest` (`id`,`short`,`long`,`head`,`pos`) VALUES ('75','pflicht_01','','Pünktlichkeit',NULL);
INSERT INTO `quest` (`id`,`short`,`long`,`head`,`pos`) VALUES ('76','liberal_02','','neige zum Rebellen',NULL);
INSERT INTO `quest` (`id`,`short`,`long`,`head`,`pos`) VALUES ('77','befang_02','','Angst belächelt zu werden',NULL);
INSERT INTO `quest` (`id`,`short`,`long`,`head`,`pos`) VALUES ('78','entgegen_01','','des lieben Friedens willen lieber nachgeben, auch wenn ich glaube im Recht zu sein',NULL);
INSERT INTO `quest` (`id`,`short`,`long`,`head`,`pos`) VALUES ('79','disziplin_01','','eine Aufgabe anfangen, konzentrieren und beenden bevor neues kommt',NULL);
INSERT INTO `quest` (`id`,`short`,`long`,`head`,`pos`) VALUES ('80','altruismus_01','','Jeder soll sich um seine Probleme kümmern, dann ist alles gut.',NULL);
INSERT INTO `quest` (`id`,`short`,`long`,`head`,`pos`) VALUES ('81','leistung_02','','klare Vorstellungen vom Leben',NULL);
INSERT INTO `quest` (`id`,`short`,`long`,`head`,`pos`) VALUES ('82','pflicht_03','','Rechnungen pünktlich bezahlen',NULL);
INSERT INTO `quest` (`id`,`short`,`long`,`head`,`pos`) VALUES ('83','neugier_03','','Urlaub immer am selben Ort',NULL);
INSERT INTO `quest` (`id`,`short`,`long`,`head`,`pos`) VALUES ('84','disziplin_02','','impulsiv und spontan',NULL);
INSERT INTO `quest` (`id`,`short`,`long`,`head`,`pos`) VALUES ('85','pessi_02','','traurig',NULL);
INSERT INTO `quest` (`id`,`short`,`long`,`head`,`pos`) VALUES ('86','liberal_01','','eher liberal / konsverativ',NULL);
INSERT INTO `quest` (`id`,`short`,`long`,`head`,`pos`) VALUES ('87','disziplin_03','','Konsequenz',NULL);
INSERT INTO `quest` (`id`,`short`,`long`,`head`,`pos`) VALUES ('88','abenteuer_02','','Offen für fast alles',NULL);
INSERT INTO `quest` (`id`,`short`,`long`,`head`,`pos`) VALUES ('89','neugier_01','','Routinen und Ritualen',NULL);
INSERT INTO `quest` (`id`,`short`,`long`,`head`,`pos`) VALUES ('90','fantasie_02','','sehe die Angelegenheiten gerne pragmatisch/nüchtern',NULL);

INSERT INTO `sitemap` (`id`,`titel`,`language`,`keyword`,`desc`,`robots`,`directory`,`name`,`typ`,`path`,`lp`,`om`,`payed`) VALUES ('0','titel','la','keyword','desc','robots','directory','name','typ','path','0','0','0');
INSERT INTO `sitemap` (`id`,`titel`,`language`,`keyword`,`desc`,`robots`,`directory`,`name`,`typ`,`path`,`lp`,`om`,`payed`) VALUES ('1','Spracherkennung / Weiterleitung','de','permanante Weiterleitung','Anwender werden aufgrund ihrer Spracheinstellungen im Browser automatisch auf die richtige Sprache weitergeleitet.','all','/','index','php','/index.php','0','0','0');
INSERT INTO `sitemap` (`id`,`titel`,`language`,`keyword`,`desc`,`robots`,`directory`,`name`,`typ`,`path`,`lp`,`om`,`payed`) VALUES ('2','BIG5 Persönlichkeitstest','de','Persönlichkeitstest','machen Sie hier Ihren Persönlichkeitstest','all','/de/','index','php','/de/index.php','1','0','0');
INSERT INTO `sitemap` (`id`,`titel`,`language`,`keyword`,`desc`,`robots`,`directory`,`name`,`typ`,`path`,`lp`,`om`,`payed`) VALUES ('3','AGB - Allgemeine Geschäftsbedingungen','de','agb','Unsere allgemeinen Geschäftsbedingungen','all','/de/legal/','terms','php','/de/legal/terms.php','0','0','0');
INSERT INTO `sitemap` (`id`,`titel`,`language`,`keyword`,`desc`,`robots`,`directory`,`name`,`typ`,`path`,`lp`,`om`,`payed`) VALUES ('4','Datenschutz','de','datenschutz','Unsere Datenschutzrichtlinien','all','/de/legal/','privacy','php','/de/legal/privacy.php','0','0','0');
INSERT INTO `sitemap` (`id`,`titel`,`language`,`keyword`,`desc`,`robots`,`directory`,`name`,`typ`,`path`,`lp`,`om`,`payed`) VALUES ('5','Impressum','de','impressum','Impressum','all','/de/legal/','legal_notice','php','/de/legal/legal_notice.php','0','0','0');
INSERT INTO `sitemap` (`id`,`titel`,`language`,`keyword`,`desc`,`robots`,`directory`,`name`,`typ`,`path`,`lp`,`om`,`payed`) VALUES ('6','Kontakt','de','kontakt','Kontakt','all','/de/legal/','contact','php','/de/legal/contact.php','0','0','0');
INSERT INTO `sitemap` (`id`,`titel`,`language`,`keyword`,`desc`,`robots`,`directory`,`name`,`typ`,`path`,`lp`,`om`,`payed`) VALUES ('7','Login','de','Login','Login','all','/de/legal/','login','php','/de/legal/login.php','0','0','0');
INSERT INTO `sitemap` (`id`,`titel`,`language`,`keyword`,`desc`,`robots`,`directory`,`name`,`typ`,`path`,`lp`,`om`,`payed`) VALUES ('8','Logout','de','Logout','Script: header:de/index.php','all','/de/legal/','logout','php','/de/legal/logout.php','0','0','0');
INSERT INTO `sitemap` (`id`,`titel`,`language`,`keyword`,`desc`,`robots`,`directory`,`name`,`typ`,`path`,`lp`,`om`,`payed`) VALUES ('9','Fragen zu Ihrem Persönlichkeitstest','de','Persönlichkeitstest','Hier finden Sie alle Fragen zum Persönlichkeitstest','all','/de/personalitytest/','questions','php','/de/personalitytest/questions.php','0','0','0');
INSERT INTO `sitemap` (`id`,`titel`,`language`,`keyword`,`desc`,`robots`,`directory`,`name`,`typ`,`path`,`lp`,`om`,`payed`) VALUES ('10','Auswertung zum Persönlichkeitstest','de','Auswertung','Hier finden Sie Ihre persönliche Auswertung zum Test.','all','/de/personalitytest/','summary','php','/de/personalitytest/summary.php','0','1','0');
INSERT INTO `sitemap` (`id`,`titel`,`language`,`keyword`,`desc`,`robots`,`directory`,`name`,`typ`,`path`,`lp`,`om`,`payed`) VALUES ('11','Angebot','de','Angebot','Angebot','all','/de/personalitytest/','offer','php','/de/personalitytest/offer.php','0','1','0');
INSERT INTO `sitemap` (`id`,`titel`,`language`,`keyword`,`desc`,`robots`,`directory`,`name`,`typ`,`path`,`lp`,`om`,`payed`) VALUES ('12','Bestellung','de','Bestellung','Bestellung','all','/de/personalitytest/','order','php','/de/personalitytest/order.php','0','1','0');
INSERT INTO `sitemap` (`id`,`titel`,`language`,`keyword`,`desc`,`robots`,`directory`,`name`,`typ`,`path`,`lp`,`om`,`payed`) VALUES ('13','Download','de','Download','Download','all','/de/personalitytest/','download','php','/de/personalitytest/download.php','0','1','1');
INSERT INTO `sitemap` (`id`,`titel`,`language`,`keyword`,`desc`,`robots`,`directory`,`name`,`typ`,`path`,`lp`,`om`,`payed`) VALUES ('14','Bezahlung auf PayPal abgebrochen','de','Bezahlung auf PayPal abgebrochen','Bezahlung auf PayPal abgebrochen','all','/de/payment/paypal/','cancel','php','/de/payment/paypal/cancel.php','0','1','0');
INSERT INTO `sitemap` (`id`,`titel`,`language`,`keyword`,`desc`,`robots`,`directory`,`name`,`typ`,`path`,`lp`,`om`,`payed`) VALUES ('15','Bezahlung auf PayPal erfolgreich','de','Bezahlung auf PayPal erfolgreich','Bezahlung auf PayPal erfolgreich','all','/de/payment/paypal/','success','php','/de/payment/paypal/success.php','0','1','0');
INSERT INTO `sitemap` (`id`,`titel`,`language`,`keyword`,`desc`,`robots`,`directory`,`name`,`typ`,`path`,`lp`,`om`,`payed`) VALUES ('16','Bezahlung auf PayPal IPN Script','de','Bezahlung auf PayPal IPN Script','Script: IPN empfangen und senden','all','/de/payment/paypal/','ipn','php','/de/payment/paypal/ipn.php','0','0','0');

INSERT INTO `user` (`email`,`password`,`firstname`,`s_id`) VALUES ('','','',NULL);
INSERT INTO `user` (`email`,`password`,`firstname`,`s_id`) VALUES ('111@ggf.de','111111','Gregory',NULL);
INSERT INTO `user` (`email`,`password`,`firstname`,`s_id`) VALUES ('23erdmann@pro-baustoffe.de','111111','111',NULL);
INSERT INTO `user` (`email`,`password`,`firstname`,`s_id`) VALUES ('25berg@berg.de','111111','Berg','10b64e5fd03ebf8721cb66284536c5e8');
INSERT INTO `user` (`email`,`password`,`firstname`,`s_id`) VALUES ('a@abc.de','111111','Anton','5e8e9e5561afe0eb460ad4306e4f0a44');
INSERT INTO `user` (`email`,`password`,`firstname`,`s_id`) VALUES ('aus@tirol.com','111111','Anton','c07ebe88f4dee4bdd78cf2e14cc9aaf9');
INSERT INTO `user` (`email`,`password`,`firstname`,`s_id`) VALUES ('berg@berg.de','222222','berg',NULL);
INSERT INTO `user` (`email`,`password`,`firstname`,`s_id`) VALUES ('erdmann@pro-baustoffe.de','111111','123','282e5c553c2974b24153ac7906950a05');
INSERT INTO `user` (`email`,`password`,`firstname`,`s_id`) VALUES ('f@ddd.de','111111','fred',NULL);
INSERT INTO `user` (`email`,`password`,`firstname`,`s_id`) VALUES ('fffferdmann@pro-baustoffe.de','111111','fff',NULL);
INSERT INTO `user` (`email`,`password`,`firstname`,`s_id`) VALUES ('ggg@ggg.de','111111','ggg',NULL);
INSERT INTO `user` (`email`,`password`,`firstname`,`s_id`) VALUES ('gggg@gg.de','111111','ggg','7ef3687f834e0255c9f8e9935514637f');
INSERT INTO `user` (`email`,`password`,`firstname`,`s_id`) VALUES ('nnn@nnn.de','111111','nnn',NULL);
INSERT INTO `user` (`email`,`password`,`firstname`,`s_id`) VALUES ('test@test.de','111111','Test','93e7d6bec433aa6f19e6e9d7c8d43487');

INSERT INTO `voucher` (`id`,`str`,`reserv`,`used`) VALUES ('3','freeforall','1','1');
INSERT INTO `voucher` (`id`,`str`,`reserv`,`used`) VALUES ('4','freeforall','1','1');
INSERT INTO `voucher` (`id`,`str`,`reserv`,`used`) VALUES ('5','freeforall','1','1');
INSERT INTO `voucher` (`id`,`str`,`reserv`,`used`) VALUES ('6','freeforall','1','1');
INSERT INTO `voucher` (`id`,`str`,`reserv`,`used`) VALUES ('7','freeforall','1','1');
INSERT INTO `voucher` (`id`,`str`,`reserv`,`used`) VALUES ('8','freeforall','1','1');
INSERT INTO `voucher` (`id`,`str`,`reserv`,`used`) VALUES ('9','freeforall','1','1');
INSERT INTO `voucher` (`id`,`str`,`reserv`,`used`) VALUES ('10','freeforall','1','1');
INSERT INTO `voucher` (`id`,`str`,`reserv`,`used`) VALUES ('11','freeforall','1','1');
INSERT INTO `voucher` (`id`,`str`,`reserv`,`used`) VALUES ('12','freeforall','1','1');
INSERT INTO `voucher` (`id`,`str`,`reserv`,`used`) VALUES ('13','freeforall',NULL,NULL);
INSERT INTO `voucher` (`id`,`str`,`reserv`,`used`) VALUES ('14','freeforall',NULL,NULL);
INSERT INTO `voucher` (`id`,`str`,`reserv`,`used`) VALUES ('15','freeforall',NULL,NULL);
INSERT INTO `voucher` (`id`,`str`,`reserv`,`used`) VALUES ('16','freeforall',NULL,NULL);
INSERT INTO `voucher` (`id`,`str`,`reserv`,`used`) VALUES ('17','freeforall',NULL,NULL);
INSERT INTO `voucher` (`id`,`str`,`reserv`,`used`) VALUES ('18','freeforall',NULL,NULL);
INSERT INTO `voucher` (`id`,`str`,`reserv`,`used`) VALUES ('19','freeforall',NULL,NULL);
INSERT INTO `voucher` (`id`,`str`,`reserv`,`used`) VALUES ('20','freeforall',NULL,NULL);
INSERT INTO `voucher` (`id`,`str`,`reserv`,`used`) VALUES ('21','freeforall',NULL,NULL);
